<?xml version="1.0" encoding="UTF-8"?>
<!DOCTYPE generatorConfiguration PUBLIC "-//mybatis.org//DTD MyBatis Generator Configuration 1.0//EN" "http://mybatis.org/dtd/mybatis-generator-config_1_0.dtd">
<generatorConfiguration>
	<!-- 加载配置文件 -->
    <properties resource="./conf/generatorConfig.properties" /> 
    
    <!-- 数据库驱动包位置 -->
    <classPathEntry location="E:/mysql-connector-java-5.1.33-bin.jar" />  
    
    <context id="MBG" targetRuntime="MyBatis3" defaultModelType="conditional">  
        <plugin type="org.mybatis.generator.plugins.EqualsHashCodePlugin" />  
        <plugin type="org.mybatis.generator.plugins.MapperConfigPlugin">  
            <property name="fileName" value="GeneratedMapperConfig.xml" />  
            <property name="targetPackage" value="info.wwhaha.mybatis.mbg.util" />  
            <property name="targetProject" value="${targetProject}" />  
        </plugin>  
        
        <!--去除注释  -->
        <commentGenerator>  
            <property name="suppressAllComments" value="true" />  
        </commentGenerator>  
         <!-- 数据库链接URL、用户名、密码 -->
        <jdbcConnection driverClass="${driverClass}"  
            connectionURL="${connectionURL}" userId="${userId}" password="${password}">  
        </jdbcConnection>  
        <!--默认false
           Java type resolver will always use java.math.BigDecimal if the database column is of type DECIMAL or NUMERIC.
         -->
        <javaTypeResolver>  
            <property name="forceBigDecimals" value="false" />  
        </javaTypeResolver>  
  		<!--生成实体类 指定包名 以及生成的地址 （可以自定义地址，但是路径不存在不会自动创建  使用Maven生成在target目录下，会自动创建） -->
        <javaModelGenerator targetPackage="${modelPackage}"  
            targetProject="${targetProject}">  
            <property name="enableSubPackages" value="true" />  
             <property name="trimStrings" value="true" />
        </javaModelGenerator>  
        
  		<!-- 生成的映射文件包名和位置 -->
        <sqlMapGenerator targetPackage="${sqlMapperPackage}"  
            targetProject="${targetProject}">  
            <property name="enableSubPackages" value="true" />  
        </sqlMapGenerator>  
  		
  		<!-- 生成DAO的包名和位置 -->
         <!--生成Dao文件 可以配置 type="XMLMAPPER"生成xml的dao实现  context id="DB2Tables" 修改targetRuntime="MyBatis3"  -->
        <javaClientGenerator type="XMLMAPPER"  
            targetPackage="${daoMapperPackage}" targetProject="${targetProject}">  
            <property name="enableSubPackages" value="true" />  
        </javaClientGenerator> 
         <!-- 要生成那些表(更改tableName和domainObjectName就可以) -->
         
        <table  schema="test" tableName="user_t" domainObjectName="User"  
            enableCountByExample="false" enableUpdateByExample="false"  
            enableDeleteByExample="false" enableSelectByExample="false"  
            selectByExampleQueryId="false">  
        </table>  
  
    </context>  
</generatorConfiguration>


