<?xml version="1.0" encoding="UTF-8" ?>
<!DOCTYPE configuration PUBLIC "-//mybatis.org//DTD Config 3.0//EN" "http://mybatis.org/dtd/mybatis-3-config.dtd" >
<configuration >
  <!--
    This file is generated by MyBatis Generator.
    This file is the shell of a Mapper Config file - in many cases you will need to add
      to this file before it is usable by MyBatis.
    This file was generated on Sun Sep 13 23:06:51 CST 2015.
  -->
  <mappers >
    <mapper resource="com/booksales/mapper/UserMapper.xml" />
    <mapper resource="com/booksales/mapper/BookMapper.xml" />
    <mapper resource="com/booksales/mapper/CartMapper.xml" />
    <mapper resource="com/booksales/mapper/ClassMapper.xml" />
    <mapper resource="com/booksales/mapper/CollectMapper.xml" />
    <mapper resource="com/booksales/mapper/NoticeMapper.xml" />
    <mapper resource="com/booksales/mapper/OrderMapper.xml" />
    <mapper resource="com/booksales/mapper/ReceiverMapper.xml" />
    <mapper resource="com/booksales/mapper/CommentMapper.xml" />
  </mappers>
</configuration>