<?xml version="1.0" encoding="UTF-8" ?>
<!DOCTYPE mapper PUBLIC "-//mybatis.org//DTD Mapper 3.0//EN" "http://mybatis.org/dtd/mybatis-3-mapper.dtd" >
<mapper namespace="com.booksales.dao.ClassMapper" >
  <resultMap id="BaseResultMap" type="com.booksales.model.Class" >
    <id column="ClassId" property="classid" jdbcType="INTEGER" />
    <result column="ClassName" property="classname" jdbcType="VARCHAR" />
    <result column="ClassFatherId" property="classfatherid" jdbcType="INTEGER" />
  </resultMap>
  
  
  <delete id="deleteByPrimaryKey" parameterType="java.lang.Integer" >
    delete from bsclass
    where ClassId = #{classid,jdbcType=INTEGER}
  </delete>
  <!-- 添加图书分类 -->
  <insert id="insert" parameterType="com.booksales.model.Class" >
    insert into bsclass ( ClassName, ClassFatherId
      )
    values (#{classname,jdbcType=VARCHAR}, #{classfatherid,jdbcType=INTEGER}
      )
  </insert>
  
  
  <update id="updateByPrimaryKey" parameterType="com.booksales.model.Class" >
    update bsclass
    set ClassName = #{classname,jdbcType=VARCHAR},
      ClassFatherId = #{classfatherid,jdbcType=INTEGER}
    where ClassId = #{classid,jdbcType=INTEGER}
  </update>
  
  
  <select id="selectByKey" resultMap="BaseResultMap" parameterType="com.booksales.model.Class" >
    select ClassId, ClassName, ClassFatherId
    from bsclass
    where ClassFatherId = #{classid,jdbcType=INTEGER}
  </select>
  <!-- 查询所有的父类 id=0 -->
 <select id="selectByFatherKey" resultMap="BaseResultMap" >
  select ClassId, ClassName, ClassFatherId
    from bsclass where ClassFatherId =0
 </select>
 <!-- 根据父类id查询其子类的集合 -->
 <select id="selectSubClassByFatherId" resultMap="BaseResultMap" parameterType="java.lang.Integer">
  select ClassId, ClassName, ClassFatherId
    from bsclass
    where ClassFatherId = #{classid,jdbcType=INTEGER}
 
 </select>
  
  <select id="selectAll" resultMap="BaseResultMap" >
    select ClassId, ClassName, ClassFatherId
    from bsclass
  </select>
</mapper>