<?xml version="1.0" encoding="UTF-8" ?>
<!DOCTYPE mapper PUBLIC "-//mybatis.org//DTD Mapper 3.0//EN" "http://mybatis.org/dtd/mybatis-3-mapper.dtd" >
<mapper namespace="com.booksales.dao.CommentMapper" >
  <resultMap id="BaseResultMap" type="com.booksales.model.Comment" >
    <id column="CommentId" property="commentid" jdbcType="INTEGER" />
    <result column="UserId" property="userid" jdbcType="INTEGER" />
    <result column="BookId" property="bookid" jdbcType="INTEGER" />
    <result column="CommentTime" property="commenttime" jdbcType="TIMESTAMP" />
    <result column="CommentContext" property="commentcontext" jdbcType="VARCHAR" />
    <result column="CommentLevel" property="commentlevel" jdbcType="INTEGER" />
  </resultMap>
  <delete id="deleteByPrimaryKey" parameterType="java.lang.Integer" >
    delete from bscomment
    where CommentId = #{commentid,jdbcType=INTEGER}
  </delete>
  <insert id="insert" parameterType="com.booksales.model.Comment" >
    insert into bscomment (CommentId, UserId, BookId, 
      CommentTime, CommentContext, CommentLevel
      )
    values (#{commentid,jdbcType=INTEGER}, #{userid,jdbcType=INTEGER}, #{bookid,jdbcType=INTEGER}, 
      #{commenttime,jdbcType=TIMESTAMP}, #{commentcontext,jdbcType=VARCHAR}, #{commentlevel,jdbcType=INTEGER}
      )
  </insert>
  <update id="updateByPrimaryKey" parameterType="com.booksales.model.Comment" >
    update bscomment
    set UserId = #{userid,jdbcType=INTEGER},
      BookId = #{bookid,jdbcType=INTEGER},
      CommentTime = #{commenttime,jdbcType=TIMESTAMP},
      CommentContext = #{commentcontext,jdbcType=VARCHAR},
      CommentLevel = #{commentlevel,jdbcType=INTEGER}
    where CommentId = #{commentid,jdbcType=INTEGER}
  </update>
  <select id="selectByPrimaryKey" resultMap="BaseResultMap" parameterType="java.lang.Integer" >
    select CommentId, UserId, BookId, CommentTime, CommentContext, CommentLevel
    from bscomment
    where CommentId = #{commentid,jdbcType=INTEGER}
  </select>
  <select id="selectAll" resultMap="BaseResultMap" >
    select CommentId, UserId, BookId, CommentTime, CommentContext, CommentLevel
    from bscomment
  </select>
</mapper>