<?xml version="1.0" encoding="UTF-8" ?>
<!DOCTYPE mapper PUBLIC "-//mybatis.org//DTD Mapper 3.0//EN" "http://mybatis.org/dtd/mybatis-3-mapper.dtd" >
<mapper namespace="com.booksales.dao.NoticeMapper" >
  <resultMap id="BaseResultMap" type="com.booksales.model.Notice" >
    <id column="NoticeId" property="noticeid" jdbcType="INTEGER" />
    <result column="NoticTitle" property="notictitle" jdbcType="VARCHAR" />
    <result column="NoticeTime" property="noticetime" jdbcType="TIMESTAMP" />
    <result column="BookId" property="bookid" jdbcType="INTEGER" />
  </resultMap>
  <delete id="deleteByPrimaryKey" parameterType="java.lang.Integer" >
    delete from bsnotice
    where NoticeId = #{noticeid,jdbcType=INTEGER}
  </delete>
  <insert id="insert" parameterType="com.booksales.model.Notice" >
    <selectKey resultType="java.lang.Integer" keyProperty="noticeid" order="BEFORE" >
      SELECT LAST_INSERT_ID()
    </selectKey>
    insert into bsnotice (NoticeId, NoticTitle, NoticeTime, 
      BookId)
    values (#{noticeid,jdbcType=INTEGER}, #{notictitle,jdbcType=VARCHAR}, #{noticetime,jdbcType=TIMESTAMP}, 
      #{bookid,jdbcType=INTEGER})
  </insert>
  <update id="updateByPrimaryKey" parameterType="com.booksales.model.Notice" >
    update bsnotice
    set NoticTitle = #{notictitle,jdbcType=VARCHAR},
      NoticeTime = #{noticetime,jdbcType=TIMESTAMP},
      BookId = #{bookid,jdbcType=INTEGER}
    where NoticeId = #{noticeid,jdbcType=INTEGER}
  </update>
  <select id="selectByPrimaryKey" resultMap="BaseResultMap" parameterType="java.lang.Integer" >
    select NoticeId, NoticTitle, NoticeTime, BookId
    from bsnotice
    where NoticeId = #{noticeid,jdbcType=INTEGER}
  </select>
  <select id="selectAll" resultMap="BaseResultMap" >
    select NoticeId, NoticTitle, NoticeTime, BookId
    from bsnotice
  </select>
</mapper>